"time to call the request", "Time to execute the request", request payload size in bytes
0,101.10000000149012,10
0,111.79999999701977,10
0,15,10
0,15.200000002980232,10
